Date,Quarter,Month,Frequency,Day of Week,trip_duration_seconds,Distance,Ave_duration,Ave_disdance
2017-01-01,1,January,482,Sun,408722,631796.0,847.9709543568465,1310.7800829875519
2017-01-02,1,January,762,Mon,615313,956308.0,807.497375328084,1254.997375328084
2017-01-03,1,January,909,Tue,580307,1202159.0,638.4015401540154,1322.5071507150715
2017-01-04,1,January,1340,Wed,888902,1312774.0,663.3597014925373,979.6820895522388
2017-01-05,1,January,1182,Thu,722525,888299.0,611.2732656514382,751.5219966159052
2017-01-06,1,January,1171,Fri,713467,798023.0,609.2801024765158,681.4884713919727
2017-01-07,1,January,627,Sat,370375,509170.0,590.7097288676237,812.0733652312599
2017-01-08,1,January,475,Sun,269445,323197.0,567.2526315789473,680.4147368421053
2017-01-09,1,January,1255,Mon,782264,810599.0,623.3179282868526,645.8956175298805
2017-01-10,1,January,617,Tue,404438,372683.0,655.4910858995138,604.0243111831443
2017-01-11,1,January,1614,Wed,1016112,959650.0,629.5613382899628,594.5786864931846
2017-01-12,1,January,1799,Thu,1126223,1090762.0,626.0272373540856,606.3157309616454
2017-01-13,1,January,1731,Fri,1065955,790180.0,615.8030040439053,456.4875794338533
2017-01-14,1,January,827,Sat,495626,545642.0,599.3059250302298,659.7847642079806
2017-01-15,1,January,737,Sun,502216,497487.0,681.4328358208955,675.0162822252374
2017-01-16,1,January,1711,Mon,1137834,775176.0,665.0111046171829,453.0543541788428
2017-01-17,1,January,1004,Tue,635065,387813.0,632.534860557769,386.26792828685257
2017-01-18,1,January,1834,Wed,1173499,737772.0,639.8576881134134,402.2748091603053
2017-01-19,1,January,2083,Thu,1324872,864741.0,636.0403264522323,415.14210273643783
2017-01-20,1,January,2047,Fri,1288866,791544.0,629.6365412799219,386.68490473864193
2017-01-21,1,January,1402,Sat,1063553,880531.0,758.5970042796006,628.0534950071327
2017-01-22,1,January,1014,Sun,708441,529548.0,698.6597633136095,522.2366863905326
2017-01-23,1,January,1819,Mon,1153474,579353.0,634.1253435953821,318.500824628917
2017-01-24,1,January,1936,Tue,1244637,562770.0,642.8910123966942,290.68698347107437
2017-01-25,1,January,2142,Wed,1401410,718354.0,654.2530345471522,335.36601307189545
2017-01-26,1,January,1539,Thu,1018661,457187.0,661.8979857050033,297.0675763482781
2017-01-27,1,January,1913,Fri,1193588,532022.0,623.9351803450079,278.1087297438578
2017-01-28,1,January,862,Sat,569765,432870.0,660.9802784222737,502.16937354988397
2017-01-29,1,January,755,Sun,487620,332103.0,645.8543046357615,439.87152317880793
2017-01-30,1,January,1516,Mon,998040,369446.0,658.3377308707124,243.69788918205805
2017-01-31,1,January,1734,Tue,1080062,364023.0,622.8731257208766,209.9325259515571
2017-02-01,1,February,1612,Wed,1071354,395716.0,664.6116625310174,245.48138957816377
2017-02-02,1,February,1778,Thu,1088772,348657.0,612.3577052868392,196.09505061867267
2017-02-03,1,February,1580,Fri,956032,305802.0,605.0835443037975,193.54556962025316
2017-02-04,1,February,830,Sat,565080,359283.0,680.8192771084338,432.8710843373494
2017-02-05,1,February,705,Sun,448484,240987.0,636.1475177304965,341.82553191489365
2017-02-06,1,February,1704,Mon,1123548,326811.0,659.3591549295775,191.79049295774647
2017-02-07,1,February,1207,Tue,745363,262493.0,617.5335542667772,217.4755592377796
2017-02-08,1,February,1619,Wed,1050356,307200.0,648.7683755404571,189.7467572575664
2017-02-09,1,February,1615,Thu,986138,317594.0,610.6117647058824,196.65263157894736
2017-02-10,1,February,1194,Fri,724133,164636.0,606.4765494137354,137.88609715242882
2017-02-11,1,February,637,Sat,466362,179992.0,732.1224489795918,282.5620094191523
2017-02-12,1,February,283,Sun,187964,96332.0,664.1837455830389,340.3957597173145
2017-02-13,1,February,828,Mon,573907,153474.0,693.1243961352657,185.35507246376812
2017-02-14,1,February,1461,Tue,968506,299400.0,662.9062286105408,204.92813141683777
2017-02-15,1,February,1639,Wed,1034685,306536.0,631.2904209884076,187.026235509457
2017-02-16,1,February,1542,Thu,957003,200866.0,620.624513618677,130.2632944228275
2017-02-17,1,February,1586,Fri,1096373,331446.0,691.28184110971,208.98234552332914
2017-02-18,1,February,1365,Sat,1437390,533630.0,1053.032967032967,390.93772893772893
2017-02-19,1,February,1630,Sun,2226153,639017.0,1365.7380368098159,392.0349693251534
2017-02-20,1,February,1093,Mon,1088444,380424.0,995.8316559926807,348.05489478499544
2017-02-21,1,February,1660,Tue,1075341,333606.0,647.7957831325301,200.96746987951806
2017-02-22,1,February,2197,Wed,1545011,555892.0,703.2366863905326,253.0232134729176
2017-02-23,1,February,2733,Thu,2280664,817510.0,834.4910354921332,299.12550311013536
2017-02-24,1,February,1726,Fri,1143111,377257.0,662.2891077636153,218.57300115874855
2017-02-25,1,February,1337,Sat,969478,358041.0,725.114435302917,267.79431563201194
2017-02-26,1,February,965,Sun,640749,290830.0,663.9886010362694,301.37823834196894
2017-02-27,1,February,2110,Mon,1516374,378813.0,718.660663507109,179.53222748815165
2017-02-28,1,February,2486,Tue,1637130,501485.0,658.5398230088496,201.72365245374095
2017-03-01,1,March,1997,Wed,1281192,290064.0,641.5583375062594,145.24987481221834
2017-03-02,1,March,1833,Thu,1187565,284739.0,647.8805237315876,155.3404255319149
2017-03-03,1,March,1614,Fri,1001059,213956.0,620.2348203221809,132.5625774473358
2017-03-04,1,March,823,Sat,541353,143667.0,657.7800729040097,174.56500607533414
2017-03-05,1,March,721,Sun,455764,177718.0,632.127600554785,246.48821081830792
2017-03-06,1,March,2029,Mon,1306592,288081.0,643.9586002957121,141.98176441596846
2017-03-07,1,March,1423,Tue,894377,258668.0,628.5151089248068,181.7765284609979
2017-03-08,1,March,2254,Wed,1501428,302119.0,666.1171251109139,134.0368234250222
2017-03-09,1,March,2212,Thu,1393491,279430.0,629.9688065099458,126.3245931283906
2017-03-10,1,March,1740,Fri,1059913,200730.0,609.1454022988506,115.36206896551724
2017-03-11,1,March,715,Sat,430749,114516.0,602.4461538461538,160.16223776223777
2017-03-12,1,March,635,Sun,369384,160770.0,581.7070866141732,253.1811023622047
2017-03-13,1,March,1032,Mon,628311,127335.0,608.828488372093,123.38662790697674
2017-03-14,1,March,553,Tue,366042,59743.0,661.9204339963834,108.03435804701627
2017-03-15,1,March,857,Wed,542467,88272.0,632.9836639439907,103.00116686114352
2017-03-16,1,March,1543,Thu,1031723,171325.0,668.6474400518471,111.03370058327933
2017-03-17,1,March,1941,Fri,1331361,326461.0,685.9149922720247,168.19216898505925
2017-03-18,1,March,826,Sat,578775,211674.0,700.6961259079903,256.2639225181598
2017-03-19,1,March,1096,Sun,923960,276801.0,843.029197080292,252.55565693430657
2017-03-20,1,March,2100,Mon,1357636,296296.0,646.4933333333333,141.09333333333333
2017-03-21,1,March,2727,Tue,1875489,469807.0,687.7480748074807,172.27979464613128
2017-03-22,1,March,1738,Wed,1097511,173562.0,631.4792865362485,99.86306098964327
2017-03-23,1,March,2015,Thu,1367489,242014.0,678.6545905707196,120.10620347394541
2017-03-24,1,March,1831,Fri,1239351,267906.0,676.8711086837793,146.3167667941016
2017-03-25,1,March,920,Sat,679589,180972.0,738.6836956521739,196.7086956521739
2017-03-26,1,March,874,Sun,577618,203833.0,660.8901601830663,233.21853546910756
2017-03-27,1,March,2137,Mon,1512043,341716.0,707.5540477304633,159.90453907346748
2017-03-28,1,March,2710,Tue,1894577,486852.0,699.1059040590405,179.65018450184502
2017-03-29,1,March,2717,Wed,1874309,425414.0,689.845049687155,156.5748987854251
2017-03-30,1,March,2086,Thu,1374833,329724.0,659.0762224352828,158.06519654841802
2017-03-31,1,March,851,Fri,509799,79272.0,599.0587544065805,93.15158636897768
2017-04-01,2,April,1418,Sat,1280492,303382.0,903.0267983074754,213.950634696756
2017-04-02,2,April,2158,Sun,2639980,597951.0,1223.3456904541242,277.08572752548656
2017-04-03,2,April,2368,Mon,1670744,395050.0,705.5506756756756,166.8285472972973
2017-04-04,2,April,1186,Tue,756247,132610.0,637.6450252951096,111.81281618887016
2017-04-05,2,April,2811,Wed,1996777,419702.0,710.3440056919246,149.30700818214157
2017-04-06,2,April,1119,Thu,700902,119849.0,626.3646112600536,107.10366398570152
2017-04-07,2,April,1573,Fri,1058975,195654.0,673.2199618563255,124.38270820089002
2017-04-08,2,April,2373,Sat,2813292,613959.0,1185.5423514538559,258.7269279393173
2017-04-09,2,April,2352,Sun,2802928,714938.0,1191.7210884353742,303.9702380952381
2017-04-10,2,April,3176,Mon,2579383,576707.0,812.1482997481108,181.58280856423173
2017-04-11,2,April,3596,Tue,2910087,617599.0,809.2566740823137,171.746106785317
2017-04-12,2,April,3042,Wed,2200716,467566.0,723.4437869822485,153.7034845496384
2017-04-13,2,April,3287,Thu,2605155,535828.0,792.5631274718588,163.014298752662
2017-04-14,2,April,3028,Fri,4660265,679222.0,1539.0571334214003,224.31373844121532
2017-04-15,2,April,1786,Sat,1948666,307158.0,1091.0783874580068,171.98096304591266
2017-04-16,2,April,2479,Sun,3271637,456561.0,1319.7406212182332,184.17144009681323
2017-04-17,2,April,2998,Mon,2690125,446752.0,897.3065376917946,149.01667778519013
2017-04-18,2,April,3075,Tue,2355349,360083.0,765.9671544715447,117.10016260162601
2017-04-19,2,April,2979,Wed,2161198,356710.0,725.4776770728432,119.74152400134274
2017-04-20,2,April,1880,Thu,1267189,193963.0,674.0367021276596,103.1718085106383
2017-04-21,2,April,2807,Fri,2285838,450927.0,814.3348770929819,160.64374777342357
2017-04-22,2,April,2725,Sat,3318025,714512.0,1217.6238532110092,262.2062385321101
2017-04-23,2,April,3080,Sun,4399504,696341.0,1428.4103896103895,226.08474025974027
2017-04-24,2,April,3344,Mon,2809514,464155.0,840.1656698564593,138.80233253588517
2017-04-25,2,April,2143,Tue,1465076,231731.0,683.6565562295847,108.13392440503966
2017-04-26,2,April,3336,Wed,2786939,488328.0,835.4133693045563,146.38129496402877
2017-04-27,2,April,3820,Thu,3434410,493539.0,899.0602094240837,129.19869109947643
2017-04-28,2,April,3378,Fri,2852280,447453.0,844.3694493783304,132.46092362344584
2017-04-29,2,April,2774,Sat,3316829,484896.0,1195.6845710165826,174.80028839221342
2017-04-30,2,April,1394,Sun,1120255,169424.0,803.6262553802009,121.53802008608321
2017-05-01,2,May,1401,Mon,950084,172472.0,678.1470378301213,123.10635260528194
2017-05-02,2,May,2575,Tue,1723423,262565.0,669.2904854368932,101.96699029126214
2017-05-03,2,May,3825,Wed,3325166,430140.0,869.3244444444445,112.45490196078431
2017-05-04,2,May,2275,Thu,1771933,242377.0,778.8716483516483,106.53934065934065
2017-05-05,2,May,654,Fri,421609,55561.0,644.6620795107034,84.95565749235475
2017-05-06,2,May,1526,Sat,1145172,197593.0,750.440366972477,129.48427260812582
2017-05-07,2,May,2035,Sun,1988241,317260.0,977.0226044226044,155.9017199017199
2017-05-08,2,May,3284,Mon,2559088,296408.0,779.2594397076736,90.25822168087699
2017-05-09,2,May,3669,Tue,2760112,406963.0,752.2790951212864,110.91932406650314
2017-05-10,2,May,3618,Wed,2680051,353831.0,740.7548369264787,97.79740187949143
2017-05-11,2,May,3623,Thu,2690509,402950.0,742.6191001932101,111.21998343913883
2017-05-12,2,May,3835,Fri,2891290,392690.0,753.9217731421121,102.39634941329857
2017-05-13,2,May,3039,Sat,3454413,520408.0,1136.6939782823297,171.24317209608424
2017-05-14,2,May,2363,Sun,2724002,401846.0,1152.7727465086755,170.05755395683454
2017-05-15,2,May,4060,Mon,3599817,377602.0,886.654433497537,93.00541871921182
2017-05-16,2,May,3815,Tue,3025058,353392.0,792.937876802097,92.63224115334206
2017-05-17,2,May,4639,Wed,4355259,470259.0,938.8357404613063,101.37076956240568
2017-05-18,2,May,4565,Thu,3931616,515959.0,861.2521358159912,113.0249726177437
2017-05-19,2,May,4188,Fri,3511704,385862.0,838.5157593123209,92.13514804202484
2017-05-20,2,May,3352,Sat,4462056,480540.0,1331.162291169451,143.35918854415274
2017-05-21,2,May,1357,Sun,1194174,117290.0,880.0103168754606,86.43330876934414
2017-05-22,2,May,2691,Mon,4009154,345844.0,1489.837978446674,128.5187662578967
2017-05-23,2,May,4238,Tue,3570859,392144.0,842.581170363379,92.5304388862671
2017-05-24,2,May,4656,Wed,3853563,378351.0,827.6552835051547,81.26095360824742
2017-05-25,2,May,1418,Thu,950022,171814.0,669.9732016925246,121.16643159379407
2017-05-26,2,May,3896,Fri,3112389,261347.0,798.8678131416838,67.08085215605749
2017-05-27,2,May,3960,Sat,4849542,494513.0,1224.6318181818183,124.8770202020202
2017-05-28,2,May,4676,Sun,6179903,602970.0,1321.6216852010266,128.94995722840034
2017-05-29,2,May,4694,Mon,4513454,396135.0,961.5368555602897,84.39177673625906
2017-05-30,2,May,4083,Tue,3255653,338170.0,797.3678667646338,82.82390399216263
2017-05-31,2,May,4901,Wed,4243020,405346.0,865.7457661701693,82.70679453172822
2017-06-01,2,June,5018,Thu,4117848,381662.0,820.6153846153846,76.05858907931447
2017-06-02,2,June,5112,Fri,4395793,487369.0,859.8969092331769,95.33822378716745
2017-06-03,2,June,4916,Sat,6929613,736309.0,1409.603946297803,149.7780716029292
2017-06-04,2,June,3186,Sun,3531967,390289.0,1108.5897677338355,122.50125549278091
2017-06-05,2,June,4178,Mon,3342256,319190.0,799.9655337482048,76.39779798946864
2017-06-06,2,June,3026,Tue,2154860,140833.0,712.1150033046927,46.54097818902842
2017-06-07,2,June,5096,Wed,4373489,446727.0,858.2199764521193,87.662284144427
2017-06-08,2,June,5499,Thu,5079816,490502.0,923.7708674304419,89.198399709038
2017-06-09,2,June,5522,Fri,4862281,394363.0,880.5289750090546,71.41669684896776
2017-06-10,2,June,4933,Sat,7320169,575295.0,1483.918305290898,116.62173119805392
2017-06-11,2,June,4687,Sun,7315381,562304.0,1560.7810966503093,119.97098357158097
2017-06-12,2,June,5158,Mon,4678525,326310.0,907.0424583171772,63.26289259402869
2017-06-13,2,June,5184,Tue,4467888,365563.0,861.8611111111111,70.51755401234568
2017-06-14,2,June,6006,Wed,5445627,400360.0,906.6978021978022,66.66000666000666
2017-06-15,2,June,5148,Thu,4042976,235653.0,785.3488733488733,45.77564102564103
2017-06-16,2,June,5493,Fri,5049597,333089.0,919.2785363189514,60.63881303477153
2017-06-17,2,June,4384,Sat,5202223,383287.0,1186.6384580291972,87.42860401459853
2017-06-18,2,June,3728,Sun,4435818,356815.0,1189.8653433476395,95.71217811158799
2017-06-19,2,June,5414,Mon,4808695,312975.0,888.1963428149243,57.80845954931659
2017-06-20,2,June,5356,Tue,4563664,301408.0,852.0657206870799,56.274831964152355
2017-06-21,2,June,5595,Wed,5280550,410131.0,943.7980339588919,73.30312779267203
2017-06-22,2,June,5484,Thu,4593920,378294.0,837.6951130561633,68.98140043763676
2017-06-23,2,June,3841,Fri,3134547,239154.0,816.0757615204374,62.26347305389221
2017-06-24,2,June,5887,Sat,8579980,551031.0,1457.4452182775608,93.6013249532869
2017-06-25,2,June,4186,Sun,4786085,371474.0,1143.355231724797,88.74199713330148
2017-06-26,2,June,4593,Mon,3956591,293478.0,861.4393642499456,63.896799477465706
2017-06-27,2,June,4766,Tue,3877035,194324.0,813.4777591271506,40.772975241292485
2017-06-28,2,June,5917,Wed,5365554,310156.0,906.8031096839615,52.41777928004056
2017-06-29,2,June,4694,Thu,3899384,230725.0,830.7166595654027,49.153174265019175
2017-06-30,2,June,4857,Fri,4436736,211701.0,913.4725138974676,43.586781964175415
2017-07-01,3,July,3413,Sat,6034912,3429745.0,1768.2133020802812,1004.9062408438324
2017-07-02,3,July,3929,Sun,6989649,3167398.0,1778.989310257063,806.1588190379231
2017-07-03,3,July,4389,Mon,8368427,3088646.0,1906.6819321029848,703.7243107769424
2017-07-04,3,July,4740,Tue,5738457,3991581.0,1210.6449367088608,842.1056962025316
2017-07-05,3,July,6431,Wed,7418353,3684888.0,1153.5302441299953,572.9883377390763
2017-07-06,3,July,5067,Thu,7757499,2689755.0,1530.984606275903,530.837773830669
2017-07-07,3,July,4350,Fri,4343217,1903484.0,998.4406896551724,437.5825287356322
2017-07-08,3,July,4556,Sat,7966200,2089265.0,1748.5074626865671,458.57440737489026
2017-07-09,3,July,3655,Sun,5312783,1263843.0,1453.565800273598,345.7846785225718
2017-07-10,3,July,4482,Mon,4456915,1456118.0,994.4031682284694,324.88130298973675
2017-07-11,3,July,4952,Tue,5438991,1653614.0,1098.3422859450727,333.92851373182555
2017-07-12,3,July,6154,Wed,6002725,1460432.0,975.418427039324,237.31426714332142
2017-07-13,3,July,3731,Thu,3112116,826679.0,834.1238273921201,221.5703564727955
2017-07-14,3,July,4645,Fri,5058017,1049032.0,1088.9164693218515,225.8411194833154
2017-07-15,3,July,5142,Sat,8899249,1529469.0,1730.6979774406846,297.4463243873979
2017-07-16,3,July,3860,Sun,5477206,1019921.0,1418.9652849740933,264.2282383419689
2017-07-17,3,July,4531,Mon,4490209,931078.0,990.9973515780181,205.49062017214743
2017-07-18,3,July,4990,Tue,5565771,1029464.0,1115.3849699398797,206.30541082164328
2017-07-19,3,July,7517,Wed,8580345,1400147.0,1141.458693627777,186.26406811227884
2017-07-20,3,July,4614,Thu,4300377,740147.0,932.0279583875163,160.41330732553098
2017-07-21,3,July,4781,Fri,5462153,780663.0,1142.4708220037649,163.28445931813428
2017-07-22,3,July,3458,Sat,7024614,664270.0,2031.4094852515905,192.0965876229034
2017-07-23,3,July,3743,Sun,6529930,719249.0,1744.5711995725353,192.15842906759283
2017-07-24,3,July,4489,Mon,4235093,590660.0,943.4379594564491,131.57941635108043
2017-07-25,3,July,5031,Tue,10533133,752102.0,2093.645994832041,149.4935400516796
2017-07-26,3,July,7232,Wed,8029827,789691.0,1110.3189988938052,109.19399889380531
2017-07-27,3,July,4451,Thu,5069762,575461.0,1139.016400808807,129.28802516288474
2017-07-28,3,July,5270,Fri,6420637,591154.0,1218.3371916508538,112.17343453510436
2017-07-29,3,July,5151,Sat,9348502,751594.0,1814.8907008347894,145.91225004853428
2017-07-30,3,July,4568,Sun,7659368,690133.0,1676.7443082311734,151.07990367775832
2017-07-31,3,July,4910,Mon,5337677,576521.0,1087.1032586558044,117.41771894093687
2017-08-01,3,August,4850,Tue,5273372,543565.0,1087.2931958762886,112.07525773195876
2017-08-02,3,August,5207,Wed,6028361,592502.0,1157.7416938736317,113.7895141156136
2017-08-03,3,August,5122,Thu,12941353,574626.0,2526.621046466224,112.18781725888324
2017-08-04,3,August,3298,Fri,3327001,259489.0,1008.7935112189206,78.68071558520316
2017-08-05,3,August,3968,Sat,6743761,438611.0,1699.5365423387098,110.53704637096774
2017-08-06,3,August,4410,Sun,8982681,448083.0,2036.8891156462585,101.60612244897959
2017-08-07,3,August,3032,Mon,4703940,321863.0,1551.4313984168866,106.15534300791556
2017-08-08,3,August,5296,Tue,5545462,597774.0,1047.1038519637461,112.87273413897282
2017-08-09,3,August,5505,Wed,6509931,825117.0,1182.5487738419617,149.8850136239782
2017-08-10,3,August,5755,Thu,6215742,1047389.0,1080.0594265855777,181.99635099913118
2017-08-11,3,August,4927,Fri,4595382,776990.0,932.6937284351533,157.70042622285365
2017-08-12,3,August,4559,Sat,7041148,1066267.0,1544.4500987058566,233.8817723184909
2017-08-13,3,August,5248,Sun,9189857,1298295.0,1751.1160442073171,247.38852896341464
2017-08-14,3,August,5340,Mon,7735684,884638.0,1448.6299625468164,165.6625468164794
2017-08-15,3,August,5313,Tue,5672591,1046013.0,1067.6813476378693,196.8780350084698
2017-08-16,3,August,5938,Wed,6725165,1243735.0,1132.5639946109802,209.45351970360392
2017-08-17,3,August,3731,Thu,3492354,688261.0,936.0369874028411,184.47091932457786
2017-08-18,3,August,5546,Fri,6048195,1643665.0,1090.550847457627,296.36945546339706
2017-08-19,3,August,5020,Sat,7478504,1359665.0,1489.7418326693228,270.8496015936255
2017-08-20,3,August,5720,Sun,15024528,1737443.0,2626.665734265734,303.74877622377625
2017-08-21,3,August,5857,Mon,9132962,1520920.0,1559.324227420181,259.6756018439474
2017-08-22,3,August,5160,Tue,4163580,1193685.0,806.8953488372093,231.3343023255814
2017-08-23,3,August,6076,Wed,6985043,1472867.0,1149.6120803159974,242.40734035549704
2017-08-24,3,August,5671,Thu,5895622,1231873.0,1039.60888732146,217.22324105096104
2017-08-25,3,August,5834,Fri,5733815,1165318.0,982.8273911552965,199.745971888927
2017-08-26,3,August,5573,Sat,9188165,1284887.0,1648.6928045935763,230.55571505472815
2017-08-27,3,August,4820,Sun,8460002,1018333.0,1755.1871369294606,211.27240663900415
2017-08-28,3,August,5198,Mon,5119712,977489.0,984.9388226240862,188.05098114659484
2017-08-29,3,August,5961,Tue,6450352,989099.0,1082.0922663982553,165.92836772353633
2017-08-30,3,August,5671,Wed,6112962,957107.0,1077.933697760536,168.77217421971434
2017-08-31,3,August,5565,Thu,5375822,900633.0,966.0057502246182,161.8388140161725
2017-09-01,3,September,4977,Fri,5666316,773770.0,1138.5003013863773,155.46915812738598
2017-09-02,3,September,4877,Sat,8228097,976896.0,1687.1226163625179,200.30674595037934
2017-09-03,3,September,4093,Sun,5959223,639758.0,1455.9548008795505,156.30539946249695
2017-09-04,3,September,4707,Mon,8306347,809221.0,1764.6796260888038,171.91863182494157
2017-09-05,3,September,4888,Tue,3863803,717478.0,790.467062193126,146.78355155482814
2017-09-06,3,September,5701,Wed,5261274,813374.0,922.8686195404315,142.67216277845992
2017-09-07,3,September,4883,Thu,4220889,620812.0,864.4048740528364,127.1374155232439
2017-09-08,3,September,5636,Fri,6704014,792200.0,1189.4985805535841,140.56068133427962
2017-09-09,3,September,4876,Sat,7027238,924468.0,1441.1890894175554,189.59557013945857
2017-09-10,3,September,4767,Sun,6481518,787814.0,1359.6639395846444,165.26410740507657
2017-09-11,3,September,5653,Mon,5198287,753891.0,919.5625331682293,133.36122412878117
2017-09-12,3,September,5972,Tue,5489364,779060.0,919.1835231078365,130.45210984594775
2017-09-13,3,September,6089,Wed,5236636,773835.0,860.0157661356544,127.08737066841846
2017-09-14,3,September,6008,Thu,5268808,721181.0,876.965379494008,120.03678428761651
2017-09-15,3,September,6191,Fri,6095998,765344.0,984.6548215151025,123.62203198190922
2017-09-16,3,September,5658,Sat,10650508,891897.0,1882.3803464121597,157.63467656415693
2017-09-17,3,September,5665,Sun,9296698,834273.0,1641.0764342453663,147.26796116504855
2017-09-18,3,September,5824,Mon,5670012,691796.0,973.5597527472528,118.78365384615384
2017-09-19,3,September,5901,Tue,5591334,592630.0,947.5231316725979,100.42874089137435
2017-09-20,3,September,6326,Wed,5863510,799030.0,926.8906101802087,126.30888397091368
2017-09-21,3,September,6345,Thu,5929234,584310.0,934.4734436564224,92.08983451536643
2017-09-22,3,September,6368,Fri,6558042,708058.0,1029.8432788944724,111.19001256281408
2017-09-23,3,September,5797,Sat,8957059,721147.0,1545.119717095049,124.40003450060377
2017-09-24,3,September,4999,Sun,11526773,590698.0,2305.8157631526306,118.16323264652931
2017-09-25,3,September,5741,Mon,5385204,472620.0,938.0254311095628,82.32363699703885
2017-09-26,3,September,6188,Tue,5613880,507656.0,907.2204266321913,82.0387847446671
2017-09-27,3,September,6125,Wed,4861968,565611.0,793.790693877551,92.34465306122449
2017-09-28,3,September,5657,Thu,4488981,474165.0,793.5267809793177,83.81916210005303
2017-09-29,3,September,4307,Fri,3317066,284847.0,770.1569537961458,66.1358254005108
2017-09-30,3,September,4267,Sat,5294421,397177.0,1240.7829857042418,93.0810874150457
2017-10-01,4,October,4408,Sun,6041307,355678.0,1370.532441016334,80.68920145190563
2017-10-02,4,October,5122,Mon,4255187,276548.0,830.7666926981648,53.992190550566185
2017-10-03,4,October,5590,Tue,4752006,338715.0,850.090518783542,60.593023255813954
2017-10-04,4,October,5036,Wed,3779960,370668.0,750.5877680698967,73.60365369340747
2017-10-05,4,October,5739,Thu,4886458,515126.0,851.4476389614915,89.75884300400767
2017-10-06,4,October,5360,Fri,5298854,375889.0,988.5921641791044,70.1285447761194
2017-10-07,4,October,3847,Sat,4978736,363458.0,1294.1866389394334,94.47829477514946
2017-10-08,4,October,3987,Sun,7694922,307417.0,1930.0030097817908,77.10484073238024
2017-10-09,4,October,3056,Mon,4356834,197311.0,1425.6655759162304,64.56511780104712
2017-10-10,4,October,5632,Tue,5375576,331937.0,954.4701704545455,58.93767755681818
2017-10-11,4,October,3626,Wed,2430470,144080.0,670.2895752895753,39.73524544953116
2017-10-12,4,October,4536,Thu,3296500,217917.0,726.741622574956,48.041666666666664
2017-10-13,4,October,4952,Fri,4015162,299911.0,810.8162358642973,60.56361066235864
2017-10-14,4,October,3071,Sat,3009864,269257.0,980.0924780201889,87.67730380983393
2017-10-15,4,October,2442,Sun,2034217,117786.0,833.0126945126946,48.233415233415236
2017-10-16,4,October,4468,Mon,3357206,203796.0,751.3889883616831,45.6123545210385
2017-10-17,4,October,5079,Tue,4211681,253114.0,829.2342980901752,49.835400669423116
2017-10-18,4,October,5367,Wed,4236383,342393.0,789.3391093720887,63.79597540525433
2017-10-19,4,October,5421,Thu,4321842,367036.0,797.2407304925291,67.7063272458956
2017-10-20,4,October,5694,Fri,5486535,359088.0,963.5642781875658,63.06427818756586
2017-10-21,4,October,4908,Sat,5896616,423014.0,1201.4295028524857,86.18867155664222
2017-10-22,4,October,5007,Sun,7320000,416993.0,1461.9532654284003,83.28200519273018
2017-10-23,4,October,3703,Mon,2868491,161286.0,774.639751552795,43.55549554415339
2017-10-24,4,October,4729,Tue,3674667,257967.0,777.0494819200677,54.55001057305984
2017-10-25,4,October,4690,Wed,3446580,253502.0,734.8784648187633,54.051599147121536
2017-10-26,4,October,4494,Thu,3384569,218017.0,753.1306186025812,48.512906097018245
2017-10-27,4,October,4735,Fri,3710311,242457.0,783.5926082365364,51.20527983104541
2017-10-28,4,October,1680,Sat,1193649,74720.0,710.5053571428572,44.476190476190474
2017-10-29,4,October,2616,Sun,2228853,141840.0,852.0080275229358,54.22018348623853
2017-10-30,4,October,3803,Mon,2643178,139765.0,695.0244543781225,36.751249013936366
2017-10-31,4,October,3917,Tue,2725635,125554.0,695.8475874393669,32.053612458514166
2017-11-01,4,November,3564,Wed,2430745,108726.0,682.02721661055,30.506734006734007
2017-11-02,4,November,3409,Thu,2358876,180985.0,691.9554121443239,53.09034907597536
2017-11-03,4,November,4283,Fri,3282464,160005.0,766.3936493112304,37.358160168106465
2017-11-04,4,November,2344,Sat,1966597,174327.0,838.9918941979522,74.37158703071673
2017-11-05,4,November,1223,Sun,803486,90038.0,656.9795584627964,73.62060506950122
2017-11-06,4,November,3678,Mon,2834670,158315.0,770.7096247960849,43.043773790103316
2017-11-07,4,November,3832,Tue,2936740,201063.0,766.3726513569937,52.46946764091858
2017-11-08,4,November,3874,Wed,2903434,109264.0,749.4667010841507,28.204439855446566
2017-11-09,4,November,3242,Thu,2543644,110971.0,784.5909932140654,34.22917951881555
2017-11-10,4,November,2205,Fri,1393384,60494.0,631.9201814058957,27.434920634920633
2017-11-11,4,November,1643,Sat,1744756,64113.0,1061.933049300061,39.0219111381619
2017-11-12,4,November,1709,Sun,1283338,92752.0,750.929198361615,54.27267407840843
2017-11-13,4,November,2956,Mon,2089644,89463.0,706.9161028416779,30.264884979702302
2017-11-14,4,November,3704,Tue,2486069,130374.0,671.1849352051836,35.19816414686825
2017-11-15,4,November,3444,Wed,2392642,103147.0,694.7276422764228,29.949767711962835
2017-11-16,4,November,3250,Thu,2158655,115572.0,664.2015384615385,35.56061538461538
2017-11-17,4,November,3126,Fri,2310874,74252.0,739.2431222008958,23.753039027511196
2017-11-18,4,November,1249,Sat,1100124,118095.0,880.8038430744596,94.55164131305044
2017-11-19,4,November,1684,Sun,1187844,72994.0,705.3705463182898,43.34560570071259
2017-11-20,4,November,3173,Mon,2342103,120050.0,738.1352032776553,37.8348566025843
2017-11-21,4,November,3677,Tue,2928525,83501.0,796.4441120478651,22.709001903725863
2017-11-22,4,November,3166,Wed,2035683,80752.0,642.9826279216677,25.50600126342388
2017-11-23,4,November,3219,Thu,2057856,78732.0,639.2842497670084,24.45852749301025
2017-11-24,4,November,3531,Fri,2502994,132807.0,708.862645143019,37.611724723874254
2017-11-25,4,November,2131,Sat,1590892,106621.0,746.547160957297,50.033317691224774
2017-11-26,4,November,1618,Sun,1069605,84077.0,661.0661310259579,51.96353522867738
2017-11-27,4,November,3092,Mon,2042225,123788.0,660.4867399741267,40.034928848641655
2017-11-28,4,November,3867,Tue,2756840,131824.0,712.9144039306956,34.08947504525472
2017-11-29,4,November,3475,Wed,2283283,105307.0,657.0598561151079,30.304172661870503
2017-11-30,4,November,3004,Thu,1955714,73471.0,651.0366178428761,24.457723035952064
2017-12-01,4,December,3303,Fri,2821483,112033.0,854.2182864062974,33.91855888586134
2017-12-02,4,December,2140,Sat,1912113,138761.0,893.5107476635515,64.84158878504672
2017-12-03,4,December,2023,Sun,1635931,103223.0,808.6658428077113,51.02471576866041
2017-12-04,4,December,3186,Mon,2247066,91053.0,705.2937853107345,28.57909604519774
2017-12-05,4,December,2852,Tue,2004649,80718.0,702.8923562412342,28.302244039270686
2017-12-06,4,December,2865,Wed,1764874,73710.0,616.011867364747,25.727748691099478
2017-12-07,4,December,2807,Thu,1729608,100377.0,616.1767011043819,35.75952974706092
2017-12-08,4,December,2501,Fri,1694230,61971.0,677.4210315873651,24.778488604558177
2017-12-09,4,December,1617,Sat,1039412,89141.0,642.8027210884354,55.1273964131107
2017-12-10,4,December,1173,Sun,701264,70746.0,597.8380221653879,60.312020460358056
2017-12-11,4,December,1694,Mon,1153788,25926.0,681.1027154663518,15.304604486422669
2017-12-12,4,December,1116,Tue,805291,13290.0,721.586917562724,11.908602150537634
2017-12-13,4,December,1400,Wed,892589,23823.0,637.5635714285714,17.01642857142857
2017-12-14,4,December,1510,Thu,945732,51648.0,626.312582781457,34.203973509933775
2017-12-15,4,December,1308,Fri,869499,43453.0,664.7545871559633,33.22094801223242
2017-12-16,4,December,838,Sat,523749,17800.0,624.9988066825775,21.241050119331742
2017-12-17,4,December,636,Sun,342810,21741.0,539.0094339622641,34.18396226415094
2017-12-18,4,December,1254,Mon,791718,37282.0,631.3540669856459,29.730462519936204
2017-12-19,4,December,2409,Tue,1552777,53977.0,644.5732669157327,22.40639269406393
2017-12-20,4,December,2244,Wed,1428893,72457.0,636.7615864527629,32.28921568627451
2017-12-21,4,December,1963,Thu,1430344,47044.0,728.6520631686194,23.965359144167092
2017-12-22,4,December,544,Fri,374694,3792.0,688.7757352941177,6.970588235294118
2017-12-23,4,December,349,Sat,244836,4808.0,701.5358166189112,13.776504297994268
2017-12-24,4,December,325,Sun,204999,16671.0,630.7661538461539,51.29538461538461
2017-12-25,4,December,88,Mon,68740,3821.0,781.1363636363636,43.42045454545455
2017-12-26,4,December,208,Tue,140872,9124.0,677.2692307692307,43.86538461538461
2017-12-27,4,December,506,Wed,338002,10476.0,667.9881422924901,20.703557312252965
2017-12-28,4,December,499,Thu,324085,12391.0,649.4689378757515,24.831663326653306
2017-12-29,4,December,351,Fri,217781,2758.0,620.4586894586895,7.8575498575498575
2017-12-30,4,December,336,Sat,210003,1915.0,625.0089285714286,5.699404761904762
2017-12-31,4,December,297,Sun,159963,0.0,538.5959595959596,0.0
